rating,title,text,images,asin,parent_asin,user_id,timestamp,helpful_vote,verified_purchase
1.0,Received Used & scratched item! Purchased new!,Livid.  Once again received an obviously used item that has food on it & scratches. I purchased this new!!  Pics not loading rn. Will add them later. Disgusted.,[],B007WQ9YNO,B09XWYG6X1,AFKZENTNBQ7A7V7UXW5JJI6UGRYQ,1677373409298,1,True
5.0,Excellent for moving & storage & floods!,"I purchased these for multiple reasons. The main reason was that I was moving. I was moving bc my apt kept flooding.  Luckily having been through other floods I generally store all my stuff in plastic containers anyways. Sadly a couple of my vintage Singer’s in wooden boxes had been left out during the last move & the last flood got them moldy & ruined them.  I am a bibliophile & these bags held not only huge stacks of my hardcover books, but my 40 pound Singer sewing machines. I also carried hundreds of pounds of yarn (50 per bag) and thousands of pounds of quilting fabric during my move.  It held up to paints, plants, garden pits, & pretty much anything I threw at it. I even put my pots & pans in these bags.  While I still thought they were a bit pricey I did buy some on sale & I think I bought 18 total that I was able to pack & take to my new place & unload & go pack again. Tho I now intend to leave some of my yarn in them as it’s waterproof.  Tho I intend to place it on a top shelf just to be on the safe side. Lol. Not one bag ripped, tore, or had an issue so far that I am aware of tho I have not checked them over very well. And I had no issues with the zippers tho I am positive that I packed several bags well over the weight limit on accident bc I was trying to keep certain quilting fabrics together for a quilt project.  I’ve bought some real duds on Amazon, but this was not one of them. This has by far been one of my better purchases & I’ve told my kids that are planning to move to buy the bags too bc it is just so much easier imo.  I literally used a taxi to move half my stuff (disabled & don’t drive) & was able to fold the bags back down to how they arrived after unpacking to take them back to be packed again.  I also made little tags and used color coded handkerchiefs I hung on the handles so I knew which room the bags went in or knew what was in them without having to open them in the wrong room once I moved.  It saved time.  I live in an apt & these bags take up a lot less space than the massive sterling & Rubbermaid hard sided plastic totes I normally use for moving & craft storage.  I still have them & use them, but storing them is a challenge.  Also, the bags fit under my zinus/spa sensations type elevated platform bed. It’s a frame amazon sells & you buy your own mattress. Normally I can fit 8 hard sided tubs under my bed (queen bed), but I’m limited by the height of the tubs. The bags fit or I’m able to squish to fit if I overfill them which is nice.  Depending on how full you pack them you can get 4-8. They are different sizes than my plastic tubs tho.  I only wish I had stumbled across these bags years ago given how many times I’ve moved. Lol.",[],B09H2VJW6K,B0BXDLF8TW,AFKZENTNBQ7A7V7UXW5JJI6UGRYQ,1672043410846,0,True
2.0,Lid very loose- needs a gasket imo. Small base.,"[[VIDEOID:c87e962bc893a948856b0f1b285ce6cc]] I wanted to love this bc I previously bought a matching turquoise teapot, but the loose lid (defective or design flaw? Idk) on the cups is driving me batty. I’m disabled so my gait is not great to begin with & the lid just bangs non-stop while I walk from my kitchen to wherever I’m going with my tea. It’s incredibly annoying.  I had hoped it was just a one-off so I purchased it in another color & sadly it has the same exact problem.  They could fix the problem by adding a rubber gasket or flange to the lid imo & I even thought of doing so myself until I accidentally knocked the cup over due to a design flaw that has a small base on the cup.  I like the lid bc I run a fan continuously & I live with 2 service dogs so I like to keep my drinks covered beyond just the brew times so I really hope they update this cup bc it does keep the tea warm & the size is perfect for a 2 cup brew.<br /><br />I wish they would fix the obvious design flaw of the base that is too small for a cup that tall & wide bc it is also very easy to accidentally knock over as I mentioned above.  I did it several times before I yet boxed them both back up.<br /><br />Overall I like the product as it seems as it was made with quality in mind, but missed the mark in the design phase.  The colors are pretty & the cups I purchased keep the tea warm, but the lids are either defective or a design flaw.  I really hope the company fixes these issue bc the colors match teapots I already own. Lol.  I intend to see if the company has another design that works better for me in the meantime.","[{'attachment_type': 'IMAGE', 'large_image_url': 'https://m.media-amazon.com/images/I/616kZbRGDpL._SL1600_.jpg', 'medium_image_url': 'https://m.media-amazon.com/images/I/616kZbRGDpL._SL800_.jpg', 'small_image_url': 'https://m.media-amazon.com/images/I/616kZbRGDpL._SL256_.jpg'}, {'attachment_type': 'IMAGE', 'large_image_url': 'https://m.media-amazon.com/images/I/61FTfrIYkxL._SL1600_.jpg', 'medium_image_url': 'https://m.media-amazon.com/images/I/61FTfrIYkxL._SL800_.jpg', 'small_image_url': 'https://m.media-amazon.com/images/I/61FTfrIYkxL._SL256_.jpg'}, {'attachment_type': 'IMAGE', 'large_image_url': 'https://m.media-amazon.com/images/I/61SJVAX5OgL._SL1600_.jpg', 'medium_image_url': 'https://m.media-amazon.com/images/I/61SJVAX5OgL._SL800_.jpg', 'small_image_url': 'https://m.media-amazon.com/images/I/61SJVAX5OgL._SL256_.jpg'}, {'attachment_type': 'IMAGE', 'large_image_url': 'https://m.media-amazon.com/images/I/61X-p2XkXCL._SL1600_.jpg', 'medium_image_url': 'https://m.media-amazon.com/images/I/61X-p2XkXCL._SL800_.jpg', 'small_image_url': 'https://m.media-amazon.com/images/I/61X-p2XkXCL._SL256_.jpg'}, {'attachment_type': 'IMAGE', 'large_image_url': 'https://m.media-amazon.com/images/I/7128PPNq7DL._SL1600_.jpg', 'medium_image_url': 'https://m.media-amazon.com/images/I/7128PPNq7DL._SL800_.jpg', 'small_image_url': 'https://m.media-amazon.com/images/I/7128PPNq7DL._SL256_.jpg'}, {'attachment_type': 'IMAGE', 'large_image_url': 'https://m.media-amazon.com/images/I/71NntqjmbSL._SL1600_.jpg', 'medium_image_url': 'https://m.media-amazon.com/images/I/71NntqjmbSL._SL800_.jpg', 'small_image_url': 'https://m.media-amazon.com/images/I/71NntqjmbSL._SL256_.jpg'}, {'attachment_type': 'IMAGE', 'large_image_url': 'https://m.media-amazon.com/images/I/71W5xfQ2fRL._SL1600_.jpg', 'medium_image_url': 'https://m.media-amazon.com/images/I/71W5xfQ2fRL._SL800_.jpg', 'small_image_url': 'https://m.media-amazon.com/images/I/71W5xfQ2fRL._SL256_.jpg'}, {'attachment_type': 'IMAGE', 'large_image_url': 'https://m.media-amazon.com/images/I/71ejQCtVxDL._SL1600_.jpg', 'medium_image_url': 'https://m.media-amazon.com/images/I/71ejQCtVxDL._SL800_.jpg', 'small_image_url': 'https://m.media-amazon.com/images/I/71ejQCtVxDL._SL256_.jpg'}, {'attachment_type': 'IMAGE', 'large_image_url': 'https://m.media-amazon.com/images/I/71y2uLtNCSL._SL1600_.jpg', 'medium_image_url': 'https://m.media-amazon.com/images/I/71y2uLtNCSL._SL800_.jpg', 'small_image_url': 'https://m.media-amazon.com/images/I/71y2uLtNCSL._SL256_.jpg'}]",B07RL297VR,B09G2PW8ZG,AFKZENTNBQ7A7V7UXW5JJI6UGRYQ,1653447296788,0,True
5.0,Best purchase ever!,"If you live at a higher elevation like me (5k Colorado) just know that after the buzzer beeps you might wanna leave the hard boiled eggs inside the steamed cooker for another minute or two if you want the egg cooked all the way through. I also add a bit more water than the fill line says, but again that’s bc of my elevation & it evaporates quickly.  It’s not any quicker than I used to make them, but it’s a lot less water. I’m disabled & have a TBI rn so the auto-cutoff was a no-brained for me. I bought the blue bc it was cheapest.  My service 🐶  🐶 love hard boiled eggs too so we are enjoying this new addition to our kitchen.  My only regret is that I did not buy it sooner & that Amazon never has the color I want for the cheapest price, but I can live with the bb blue.  We have used it 3x & so far it’s working okay. Oh- don’t place it under upper cabinets as it has a vent hole & it will vent & it will make the cabinets sweat.  Give it some room to breathe imo.  I keep a pair of tongs handy to unload the eggs & dunk them in my ice bath. Yes. You end up using water again, but I have house plants I’ll use it on anyways so it not just wasted water.  If it holds up & doesn’t break down it will truly be one of my top 10 if not top 5 amazon lifetime purchases.  It’s that good.  Nothing is worse than watching eggs boil. Lol.  I start this up at the same time I start my tea brewing and go about feeding the wildlife in my backyard.  It’s just a very peaceful start to my day. I know ppl have said stuff about the buzzer, but honestly I happen to be hearing impaired in both ears & my service dogs are trained to hear for me. I like that it’s loud enough that if my pups are outside & I am in my living room or just outside on my patio with them & my screen door is open then they & often I can still hear it.  I wish appliances had volume options on their alarms, but until then I am very happy with this one.  I am just extremely happy with this purchase. It’s been a long time since I could say that. Lol.","[{'attachment_type': 'IMAGE', 'large_image_url': 'https://m.media-amazon.com/images/I/71AIp+QnnGL._SL1600_.jpg', 'medium_image_url': 'https://m.media-amazon.com/images/I/71AIp+QnnGL._SL800_.jpg', 'small_image_url': 'https://m.media-amazon.com/images/I/71AIp+QnnGL._SL256_.jpg'}]",B09CQF4SWV,B08CSZDXZY,AFKZENTNBQ7A7V7UXW5JJI6UGRYQ,1651855096178,0,True
5.0,Excellent for yarn!,"I use these to store yarn. They easily hold 12 of the 10.5 ounce Bernat Pipsqueaks yarn.  The pic only has 11.  I wish it had the zipper closure, but aside from that I love these bags.  I wasn’t sure how I would like the blue color, but I find that it adds uniformity on my wire shelves so different colors of yarn aren’t glaring at me 24/7 & the blue is a calming color.","[{'attachment_type': 'IMAGE', 'large_image_url': 'https://images-na.ssl-images-amazon.com/images/I/51bUXNRmgwL._SL1600_.jpg', 'medium_image_url': 'https://images-na.ssl-images-amazon.com/images/I/51bUXNRmgwL._SL800_.jpg', 'small_image_url': 'https://images-na.ssl-images-amazon.com/images/I/51bUXNRmgwL._SL256_.jpg'}, {'attachment_type': 'IMAGE', 'large_image_url': 'https://images-na.ssl-images-amazon.com/images/I/61sU396V-sL._SL1600_.jpg', 'medium_image_url': 'https://images-na.ssl-images-amazon.com/images/I/61sU396V-sL._SL800_.jpg', 'small_image_url': 'https://images-na.ssl-images-amazon.com/images/I/61sU396V-sL._SL256_.jpg'}]",B003U6A3EY,B0C6V27S6N,AFKZENTNBQ7A7V7UXW5JJI6UGRYQ,1589934525940,1,True
5.0,Perfect for tea leaves!,"This is the perfect size for me being single and it’s great for brewing sun tea or others. I have an electric tea kettle so normally I just store my brewed tea in here, but lately I’ve been using it w my jasmine tea leaves and I love it. I wish they had more colors for lids.",[],B004506V8Q,B00GUAURXY,AFKZENTNBQ7A7V7UXW5JJI6UGRYQ,1583557787276,0,True
5.0,Excellent!,Lost my old one during my last move. This works perfectly. I can’t stop making bread and biscuits.  So much for my diet. This is a very sturdy and functional product and I have zero complaints.,[],B01CX1RIMQ,B08K8N5FB2,AFKZENTNBQ7A7V7UXW5JJI6UGRYQ,1581799806318,0,True
3.0,"Works, but weird stuff floating on water","I like the temp settings, but does anybody know what the Protozoa looking stuff is on top of my water in my new kettle? I’ve washed it repeatedly. I’ve used only distilled or spring water bringing it to a boil first to kill any bacteria then letting it cool to the tea temp I need and yet every time I use it the water looks like this.  I’ve never had this problem with glass or other stainless kettles and quite frankly I’m afraid to drink it.  It grossed me out. While living in an apt complex that had busted water pipes I contracted h pylori and I’m deathly afraid of getting it again.  Any ideas?","[{'attachment_type': 'IMAGE', 'large_image_url': 'https://images-na.ssl-images-amazon.com/images/I/71N7yKRhYLL.jpg', 'medium_image_url': 'https://images-na.ssl-images-amazon.com/images/I/71N7yKRhYLL._SL800_.jpg', 'small_image_url': 'https://images-na.ssl-images-amazon.com/images/I/71N7yKRhYLL._SL256_.jpg'}]",B005YR0F40,B0CGY43Y3P,AFKZENTNBQ7A7V7UXW5JJI6UGRYQ,1552877983695,2,True
5.0,100% cotton! Yay!!!!!,"This duvet set is a serious bubble gum girly pink.  After raising 5 kids and 25 years of marriage I am single and have seriously declared independence in my bedroom that is going seriously pastel! LOL.  The only problem with that is 2 small dogs who like to run in my muddy garden, but the cotton washes great and gets softer with every washing which is the thing I love most about cotton.  I love that this duvet has a zipper too!  The only drawback I’ve found and that will be super easy for me to fix since I sew is that the ties inside are made of a very cheap fabric in my opinion. They came a bit frayed, but next time I am at the local Joann’s Fabric store I will pick up some twill tape or other material to replace the ties. The big irony is that I currently have a mint colored comforter inside of the duvet as I recently moved and have not unpacked my duvet insert yet.  I also like the little girly ruffle that is on 3 sides of the comforter.  Yes, I am a 52 year old woman with a bubble gum pink duvet cover and I’m loving it!","[{'attachment_type': 'IMAGE', 'large_image_url': 'https://images-na.ssl-images-amazon.com/images/I/61rRjUNyKoL.jpg', 'medium_image_url': 'https://images-na.ssl-images-amazon.com/images/I/61rRjUNyKoL._SL800_.jpg', 'small_image_url': 'https://images-na.ssl-images-amazon.com/images/I/61rRjUNyKoL._SL256_.jpg'}, {'attachment_type': 'IMAGE', 'large_image_url': 'https://images-na.ssl-images-amazon.com/images/I/71JHafeVlNL.jpg', 'medium_image_url': 'https://images-na.ssl-images-amazon.com/images/I/71JHafeVlNL._SL800_.jpg', 'small_image_url': 'https://images-na.ssl-images-amazon.com/images/I/71JHafeVlNL._SL256_.jpg'}, {'attachment_type': 'IMAGE', 'large_image_url': 'https://images-na.ssl-images-amazon.com/images/I/71NuVodKXBL.jpg', 'medium_image_url': 'https://images-na.ssl-images-amazon.com/images/I/71NuVodKXBL._SL800_.jpg', 'small_image_url': 'https://images-na.ssl-images-amazon.com/images/I/71NuVodKXBL._SL256_.jpg'}]",B077BYFY8J,B077BYFY8J,AFKZENTNBQ7A7V7UXW5JJI6UGRYQ,1547920165545,1,True
5.0,Soft and sturdy at the same time,I purchased this after having purchased some other lower quality peshtemals and I am very happy with it. It’s light without being too light and the size is perfect for using as a towel or to put over my yoga mat or my lounge chair to keep my dog’s fluff off the chair fabric.  You can also tie it several ways to wear it as a dress or a sarong at the beach and it makes a great beach towel.,[],B01GEDH4KU,B01GEDH4KU,AFKZENTNBQ7A7V7UXW5JJI6UGRYQ,1547919332140,0,True
1.0,Reduced 5 stars to 1,"Dryer/Fire risk!  Previously  I wrote a lovely glowing review for this comforter.  Even tho it is a comforter I had covered it with a cotton duvet cover so this is the first time since my purchase that I have washed and tried to dry it. Per the website and the label I put in my dryer on the “low” setting. 3 minutes later while loading my washing machine a foot away I smelled something burning.  Too late I realized it was my comforter!  It’s also stuck to the inside of my dryer.  I’m a disabled veteran and I live on a fixed income so losing a purchase like this hits my pocket book pretty hard.  It is snowing in Colorado today or I would have hung this to dry, but alas I followed the seller’s website instructions and their label on the comforter.  Sadly, I see no warranty information at all.  The comforter was lovely. If you buy it do not try to dry it as per the instructions!",[],B0788DZ8Y7,B09KX3FZQS,AFKZENTNBQ7A7V7UXW5JJI6UGRYQ,1545115669044,115,True
5.0,Love it!,My favorite storage containers. All good.,[],B004171MQO,B00J10VZ2W,AFKZENTNBQ7A7V7UXW5JJI6UGRYQ,1523092290368,0,True
1.0,So matcha disappointment,"I bought this after reading a TON of reviews about different milk frothers/steamers so I could make at-home matcha lattes with oat milk. I settled on the Froth Labs frother/steamer after reading a blogger's post about this item and was initially so thrilled with it - but it stopped frothing and steaming the milk after a month. Instead, it just heated up the milk. I returned the item to Amazon, thinking this was probably just a one-off thing, and it was promptly replaced by another. Which just stopped working after 2 months. And then I started reading all the reviews by people having the same exact problem. Fortunately, Amazon refunded me the cost of it even though it was a week past its return-by date. Buyer beware! This is an expensive purchase for something that that might work for a couple of months - and I used mine just once per day, unplugging it every time between uses, and using exactly as instructed. *Sigh* now I am back on the hunt for a reliable frother/steamer.",[],B08GP9PFWG,B08GP9PFWG,AGGZ357AO26RQZVRLGU4D4N52DZQ,1644358432328,4,True
1.0,Broke with light use,"I bought these chairs in April 2020. Easy to assemble and very pretty. However, one of the legs broke in August 2020 after light use by one person (my husband) who weighs well beneath the weight limit specified for the chairs. He was able to rig the broken leg for a couple months but it just broke again. I contacted the company who told me the chair is out of warranty, and further, they do not have replacement legs in stock even for purchase. There is no reason at all this chair should have broken the way it did, but after reading several other reviewers' issues, I realize this is not an isolated problem. Would not recommend these to anyone unless you don't plan to sit on them.",[],B01M180BA6,B0C7DN7K4B,AGGZ357AO26RQZVRLGU4D4N52DZQ,1634836914978,0,True
5.0,Mesmerizing,Absolutely love mine! It's on my desk at work and even my staff love spinning it. 😁 I also purchased one for my sister as a gift. It's mesmerizing and beautiful. Very happy I bought it!,[],B08N9VZ9PJ,B08N9VZ9PJ,AGGZ357AO26RQZVRLGU4D4N52DZQ,1608501509941,2,True
5.0,Perfect mattress,"OK, we bought this mattress for our guest room, but now I'm wishing it was OUR mattress! It's seriously so perfect - I never actually thought about having a mattress delivered to the house without even trying it first, but the reviews are totally on point. This is a firm memory foam mattress and it puffed up completely in less than 5 minutes, had no strange odor, and was ready to go literally right out of the box. You will NOT regret buying this mattress!!!!",[],B0777K9RGX,B0BPBLYF85,AGGZ357AO26RQZVRLGU4D4N52DZQ,1578276993373,0,True
5.0,Great bed frame,Husband reports that the frame was easy to assemble and it's very sturdy! Would definitely recommend it! Great for storage below the bed too.,[],B07GX9RBN7,B0BJZ4Y8K1,AGGZ357AO26RQZVRLGU4D4N52DZQ,1578276798605,0,True
5.0,Great bar stools!,"These stools (we purchased the cherry color) are definitely worth the effort of assembling them! My husband, who's the pro in our house at putting together our impulse-buy Ikea finds, assembled both of these stools in about 1.5 hours. He said some of the legs were not properly labeled according to the instruction manual, and screwing the cross-pieces onto the legs was somewhat awkward. I don't think I would have had the patience for it, haha. However, once assembled (see pics) the stools were perfect! The cushions are comfortable, and the cross-pieces on the stool legs are the perfect place to rest your feet. All four legs of each stool sit flush to the floor with no rocking or unsteadiness. One of the reasons I liked these stools over other options is because there are no buttons or other studs that could be broken, pulled, or chewed off. Ha! I almost took off a star for the assembly process, but in the end, they're such great, solid stools that I'm sticking with 5 stars.","[{'attachment_type': 'IMAGE', 'large_image_url': 'https://images-na.ssl-images-amazon.com/images/I/71KxUEMJqqL.jpg', 'medium_image_url': 'https://images-na.ssl-images-amazon.com/images/I/71KxUEMJqqL._SL800_.jpg', 'small_image_url': 'https://images-na.ssl-images-amazon.com/images/I/71KxUEMJqqL._SL256_.jpg'}, {'attachment_type': 'IMAGE', 'large_image_url': 'https://images-na.ssl-images-amazon.com/images/I/816TKLs7MYL.jpg', 'medium_image_url': 'https://images-na.ssl-images-amazon.com/images/I/816TKLs7MYL._SL800_.jpg', 'small_image_url': 'https://images-na.ssl-images-amazon.com/images/I/816TKLs7MYL._SL256_.jpg'}]",B005EUJ5O8,B079C5FPW8,AGGZ357AO26RQZVRLGU4D4N52DZQ,1460642286000,11,True
5.0,Unique and sturdy!,This is absolutely perfect! We're using it as an entry table. The unit arrived fully assembled and the quality is very good. I included a photo of it in real life. :-) It's a nice break from all the furniture we've had to assemble! It was a huge plus that this was on sale.,"[{'attachment_type': 'IMAGE', 'large_image_url': 'https://images-na.ssl-images-amazon.com/images/I/71hDlsewwoL.jpg', 'medium_image_url': 'https://images-na.ssl-images-amazon.com/images/I/71hDlsewwoL._SL800_.jpg', 'small_image_url': 'https://images-na.ssl-images-amazon.com/images/I/71hDlsewwoL._SL256_.jpg'}]",B00BLS0INE,B00BLS0INE,AGGZ357AO26RQZVRLGU4D4N52DZQ,1440082577000,48,True
5.0,Totally. Obsessed. With dehydrating food. Thanks to Nesco. :-),"This is really a great dehydrator - and so easy to use. I make homemade trail mix using strawberries, bananas, and apples. I sprinkle the apples with cinnamon sugar, and boy are those tasty. If you're into it, you can dehydrate vegetables to store and re-hydrate later on to use for soup.This model also makes beef jerky, so when I get around to doing that, I'll update this review! Seriously though, Nesco is a really well-known company and they make several different models of dehydrators. Depending on how heavy your usage, you really can't go wrong with this brand, no matter which model you decide on. I know a few people who also have Nesco dehydrators and have nothing but positive things to say about the company. My ONLY complaint is that I have no good place to store it because it's so large, but that's a personal problem, and doesn't reflect poorly on the function of the dehydrator. :-)",[],B000FFVJ3C,B0B69XTPVL,AGGZ357AO26RQZVRLGU4D4N52DZQ,1354676658000,1,True
5.0,Perfect for everything - minus stud earrings. :-),"I was really excited about this jewelry rack, and I couldn't have been more thrilled to see it hung on the wall. (Yep, hubs took care of that part. :-)) I researched quite a few storage solutions for jewelry and found several valet/racks that might fir the bill, but this one seemed to have the most versatility in terms of storage of different kinds of jewelry (bracelets, dangle earrings, long and short necklaces, hair ties, etc.) I love that the lower round racks actually spin in a circle  - great for storing long necklaces & for easy access! I use one of the upper horizontal bars to store my hair bands to keep the cats from getting them. The mesh screen is perfect for dangle earrings. I ALMOST gave this 4 stars instead of 5 because there is no solution for stud earrings. The designers thought of everything else but a tray that could hold miscellaneous baubles & earrings with posts. My solution to this was that I hung a small jewelry pouch from the valet and stored those earrings inside the pouch. It means I have to go rooting through the bag a lot, but really this jewelry valet is just perfect for storing everything else and it looks so cute on the wall. Since I really love it I decided to give it 5 stars, since it does exactly what it's advertised to do. My friends always compliment it and it's helped to keep me MUCH more organized. I posted a picture for you with all my stuff on it so you can see how I've organized everything. Good luck and I hope you like it as much as I do!","[{'attachment_type': 'IMAGE', 'large_image_url': 'https://images-na.ssl-images-amazon.com/images/I/61yQhSJrCiL._SL1600_.jpg', 'medium_image_url': 'https://images-na.ssl-images-amazon.com/images/I/61yQhSJrCiL._SL800_.jpg', 'small_image_url': 'https://images-na.ssl-images-amazon.com/images/I/61yQhSJrCiL._SL256_.jpg'}]",B005D2Q482,B00SI2PUXE,AGGZ357AO26RQZVRLGU4D4N52DZQ,1354675277000,5,True
4.0,Future-bubble coffeemaker is mostly a winner!,"Hubs insisted on this coffee pot over the more traditional shaped percolators available. Why, you ask? Well, it just looks cool on the countertop. That said, the program function works great and he wakes up to fresh, hot coffee every day. I think the only downside to this product, if you can consider it a downside, is that since the carafe is so...well....ROUND, you have to tip it almost completely upside-down to pour out the last of the coffee. It doesn't spill or anything, it's just a little...awkward. Hence the removal of the 5th star on the review. If you can deal with the slightly awkward pouring of the carafe, then you have yourself a sleek and winning coffeepot that does what it promises - brews a heavenly cup of joe. Enjoy! (Side note - a friend came over this morning, took one look at the coffeepot, and said &#34;what is THAT?!&#34; in wide-eyed wonder). Haha!",[],B002FWQU3W,B002FWQU3W,AGGZ357AO26RQZVRLGU4D4N52DZQ,1354390111000,3,True
4.0,It works.,"I wanted a small, inexpensive entryway shoe rack, and that's what I received. It's not the best quality, and the cubbies are very small, but it works for what I wanted. My nursing shoes barely fit in one cube together, and my running shoes have to be in separate cubbies (as well as all of my husband's shoes). However, I knew this from previous reviews, and was OK with it. It's not worth a 5-star review, but since I knew what to expect, I wasn't really disappointed with it either. If you want something more sturdy (aka made out of real wood) and with better ""shoe holes"", you will pay more for it. If you don't have a gajillion large pairs of shoes, this product will probably work fine for you. I can fit 2 pairs of my size-6 summer sandals/flip flops in one cubby. Don't expect this thing to perform magic - it really is rather inexpensive compared to the other options out there.",[],B002IPG46Y,B0778KV29D,AGGZ357AO26RQZVRLGU4D4N52DZQ,1341922513000,0,True
5.0,Adorable Golden Ornament,"I was searching for the perfect Christmas tree ornament for my parents (yeah, I said it - Christmas tree, not holiday tree! Please don't sue me!) - and wasn't disappointed when I received this in the mail. It's well-crafted and really adorable, and has a decent weight to it without being too heavy for the tree. My parents will be thrilled with it!",[],B000ZN2NA2,B000ZN2NA2,AGGZ357AO26RQZVRLGU4D4N52DZQ,1290278747000,1,True
5.0,Reusable and versatile,"This was a great purchase with lots of versatility in how you can use it, bunting, banner etc. We ended up using over a swing chair as the birthday girls' rainbow throne. It was adorable and very easily reusable! Would buy again",[],B07N2WFP6L,B07N2WFP6L,AGKASBHYZPGTEPO6LWZPVJWB2BVA,1562599548161,0,True
4.0,Nice sparkly touch,Nice quality. A little pricey for the amount but also reusable if desired.,[],B01I3Q6BHS,B01I3Q6BHS,AGKASBHYZPGTEPO6LWZPVJWB2BVA,1485790505000,0,True
4.0,I like it!! Sweet and substantial in size...,Very cute ornament- it is also pretty large/substantial in size. I got this to commemorate a trip taken with a couple of my daughters and I am very happy with it for that purpose. Mine did come with a hairline crack/crazing toward the bottom but since I wasn't sure if I would return to get another with the same issue I just kept it. It isn't perfect painting/glitter wise but it's actually pretty good and hand painted blown glass ornaments almost never are &#34;perfect&#34;. Fingers crossed it doesn't break on me due to the small crack!!!,[],B00CBE65IE,B00CBE65IE,AGKASBHYZPGTEPO6LWZPVJWB2BVA,1485789915000,0,True
4.0,Cute,Very cute my kids loved that it lit up! Good price. We received the snowman not the santa as pictured.,[],B01AJKV5U4,B01AJKV5U4,AGKASBHYZPGTEPO6LWZPVJWB2BVA,1485789324000,0,True
2.0,Cute. BUT. Stuck together,These are cute but I worried and it happened as other reviewers stated quite a few were very stuck together and ruined them even gently trying to separate. The few that remained I just used decoratively since there weren't enough to use as invitations. Cute idea -yes but quality control or packaging by manufacturing site is flawed,[],B00E0NJB12,B00E0NJB12,AGKASBHYZPGTEPO6LWZPVJWB2BVA,1471551829000,1,True
5.0,Best Incense EVER. Hands-down. If You Like Rose.,"The first time I ever smelled this incense over ten years ago, I was at a guided meditation and felt transported to another realm. The scent is truly beautiful and attracts high vibrational energy. I had been looking for it since, then gave up.<br /><br />Then I found it here. Can I tell you when that Amazon box came, you would think it was a baby puppy.<br /><br />And it was everything I remembered. Two days later I brought it for a guy friend to experience and the reaction was, &#34;WOW. I would have to say this is my new favorite incense, too.&#34;<br /><br />It does have a very strong rose absolute oil scent with a hint of wood/cedar, or that's what it seems like to me. So if you don't like rose, don't do it. But if you've ever tried Stella McCartney's signature purple bottle perfume at Sephora when it came out almost a decade ago and liked that, you will LOVE this incense. Don't get me wrong, this scent is not feminine.<br /><br /> It is divine.",[],B00G6OU0ZO,B00G6OU0ZO,AG2L7H23R5LLKDKLBEF2Q3L2MVDA,1436792233000,16,True
5.0,Works great for woodburning,I used these rounds for woodburning art. I was very happy with the quality of wood and the overall final piece turned out great. I used all four pieces for wood-burning and was very happy.<br /><br />They are a rough cut so I had to sand them for my art. The size and bark and shape were great! I ordered 9”-11” rounds and received four 9” rounds.,"[{'attachment_type': 'IMAGE', 'large_image_url': 'https://images-na.ssl-images-amazon.com/images/I/C1-0wuSz5TS._SL1600_.jpg', 'medium_image_url': 'https://images-na.ssl-images-amazon.com/images/I/C1-0wuSz5TS._SL800_.jpg', 'small_image_url': 'https://images-na.ssl-images-amazon.com/images/I/C1-0wuSz5TS._SL256_.jpg'}]",B06Y5F1K7M,B0BZWVHCG7,AGCI7FAH4GL5FI65HYLKWTMFZ2CQ,1626370556131,4,True
4.0,Great slab - Not for wood burning/crafts,NOT for CRAFTS. If I was a “Karen” I might give this a one star. But the wood itself is beautiful and wonderful … my biggest problem is the center core of all of the slabs have a hole cut out and a plug of a different kind of wood grain in the center. For wood-burning I cannot use this.<br /><br />If it’s used as a centerpiece or some object is put on the center of the wood… then this would be a great product. If you’re using it for CRAFTS and want to show the whole wood grain under the art this is not the right wood as it shows the plug in the center.<br /><br />It was well packaged with tissue paper just not the right wood for my art.,"[{'attachment_type': 'IMAGE', 'large_image_url': 'https://images-na.ssl-images-amazon.com/images/I/C1yO79+t64S._SL1600_.jpg', 'medium_image_url': 'https://images-na.ssl-images-amazon.com/images/I/C1yO79+t64S._SL800_.jpg', 'small_image_url': 'https://images-na.ssl-images-amazon.com/images/I/C1yO79+t64S._SL256_.jpg'}]",B08N38NPMG,B093G2HRHQ,AGCI7FAH4GL5FI65HYLKWTMFZ2CQ,1626369636175,0,True
1.0,Pls fix this!!,Dries rice out in less than 24 hrs.  my last Zojirushi was absolutely fantastic. I bought it 15 years ago. It lasted about 13 years. I did not hesitate to buy another one. They missed the mark with the heating thing. I contacted customer service and they told me I need to push the extended warm button.  But we always forget because this wasn’t a thing with the last model.  The rice is very good fresh though. Just disappointing to waste so much rice.,"[{'attachment_type': 'IMAGE', 'large_image_url': 'https://images-na.ssl-images-amazon.com/images/I/91MDurFtOEL._SL1600_.jpg', 'medium_image_url': 'https://images-na.ssl-images-amazon.com/images/I/91MDurFtOEL._SL800_.jpg', 'small_image_url': 'https://images-na.ssl-images-amazon.com/images/I/91MDurFtOEL._SL256_.jpg'}]",B006W22KF8,B00EUC0F5O,AGCI7FAH4GL5FI65HYLKWTMFZ2CQ,1615570431211,1,True
5.0,beast,this thing is over the top legit.  we grind coffee for our company office.  we broke several grinders until we got this brute.  has been going strong sveral years.,[],B00XPRQZJ0,B013QHI5XW,AGCI7FAH4GL5FI65HYLKWTMFZ2CQ,1537210675333,0,False
5.0,Smell My Pumpkin,Smells much better than the Smell My Nuts candle I bought for my father in law.  Though I like both. Pumpkin is a much better smell than My Nuts.,[],B004FO2A78,B01KU4IFXO,AGCI7FAH4GL5FI65HYLKWTMFZ2CQ,1416291348000,0,True
5.0,yay,happily loved by our 1 year old.  she makes funny noises at it and thinks its funny.  kids are amazing.,[],B00563XRYM,B00563XRYM,AGCI7FAH4GL5FI65HYLKWTMFZ2CQ,1384912453000,0,True
4.0,ok a,mostly good just doesn't keep the coffee as hot as our old update thermos.  other than that decent.  d d,[],B001REFF62,B0C9MR8QCZ,AGCI7FAH4GL5FI65HYLKWTMFZ2CQ,1384912416000,0,True
3.0,"Works, but a bit funky",It works okay. But I have to tinker with it alot. I didn't know u could take the whole thing apart and clean it. Seems to be working much better now. Customer service was helpful.,[],B00018RRRK,B0BVKBXGRG,AGCI7FAH4GL5FI65HYLKWTMFZ2CQ,1360607736000,0,True
5.0,Great Quality & Super Cute Garden Flag,Ordered this for our Holiday decorating this year. I'm going to use it for Christmas thru Valentines Day. Cute gnomes & great quality. Very vibrant colors! Also ordered a Fall/Pumpkin Gnome flag & was impressed with that too. Would Highly Recommend. Fast shipping! A+++,[],B08KVN4NS3,B08KVN4NS3,AGXVBIUFLFGMVLATYXHJYL4A5Q7Q,1607702803724,0,True
5.0,Beautiful Christmas Cookie Jar - Would highly recommend!,"I ordered this for my MIL for an early Christmas present since hers broke in storage over the season. She LOVED it, as did I. Very cute details of a deer, bird, etc. Great size. Not too big, but not too small either. LOVE the retro looking Santa. Would highly recommend! Super FAST shipping too, came 2 days earlier than expected. A+++",[],B08F4JRTFR,B08F4JRTFR,AGXVBIUFLFGMVLATYXHJYL4A5Q7Q,1607702711744,5,True
5.0,Keep ice & water cold all day! Very durable! Would buy again!,Bought this for my fiance for work. He works in the heat. Keeps his water cold for hours with Ice. Very durable. Would recommend & I would buy again.,[],B07R8JPPR6,B0BTK8X2LY,AGXVBIUFLFGMVLATYXHJYL4A5Q7Q,1570020398855,4,True
4.0,"Smaller than I thought, and not as sturdy.",This was a tad smaller than I envisioned. And part of the plastic was misshaped in the lowest ring. It's not very sturdy plasic.  I am hoping it will work for our wedding macaroon tower. I will update once our wedding has happened & I can add photos.,[],B07QLLY2F7,B07QLLY2F7,AGXVBIUFLFGMVLATYXHJYL4A5Q7Q,1570020332820,2,True
5.0,Great quality for the price,Bought these for our son's pictures on our Gallery wall. Great quality for the price!,[],B072KFKK33,B082VKT4ZZ,AGXVBIUFLFGMVLATYXHJYL4A5Q7Q,1530556810638,0,True
5.0,Five Stars,Bought this for entertaining & it's a fun piece. It's smaller than I expected though.,[],B01M5AH9PQ,B078NWLG1P,AGXVBIUFLFGMVLATYXHJYL4A5Q7Q,1530556680210,0,True
5.0,Five Stars,Love the finish of these hooks I bought for our laundry room closet!,[],B01KYCAXS2,B01KYCAXS2,AGXVBIUFLFGMVLATYXHJYL4A5Q7Q,1530556650101,0,True
5.0,Great value for the price,Bought these to replace my old towels. Great value for the price!,[],B00XK69NRW,B08P4ZJWPT,AGXVBIUFLFGMVLATYXHJYL4A5Q7Q,1530556310691,0,True
5.0,Purchased for entertaining & they work perfect for dips,"Purchased for entertaining & they work perfect for dips, olives & pickles, etc. Love the versatility of the color & size.",[],B0718WSY61,B07DNHZ4TD,AGXVBIUFLFGMVLATYXHJYL4A5Q7Q,1530556237778,1,True
5.0,Ordered for a party we had & love this item,Ordered for a party we had & love this item! I used to for muffins for a brunch & worked great! Also love its easy to fold down design which saves a TON of space to store.,[],B073Z4MJZZ,B073Z4MJZZ,AGXVBIUFLFGMVLATYXHJYL4A5Q7Q,1530556157904,1,True
5.0,Ordered this for entertaining & loved this set,Ordered this for entertaining & loved this set! The bowl was a bit smaller than I thought but still love the versatility of these items!,[],B071HXP93F,B071HXP93F,AGXVBIUFLFGMVLATYXHJYL4A5Q7Q,1530556109679,0,True
5.0,Five Stars,Worked great to hang my boots! Nice space saver!,[],B00CFN3KHK,B00CFN3KHK,AGXVBIUFLFGMVLATYXHJYL4A5Q7Q,1504010730232,0,True
5.0,It worked perfect & I used a different color for each member ...,I ordered this to store my personal DVD's that I had created from our old VHS collection. It worked perfect & I used a different color for each member of the family!,[],B00146E50U,B01NAHHIWB,AGXVBIUFLFGMVLATYXHJYL4A5Q7Q,1490877382000,1,True
5.0,This worked AMAZING to organize my socks,"This worked AMAZING to organize my socks. Very easy to put together & I didn't have to cut it to fit, but could of if needed.",[],B0134JZZ3K,B07JL8VY5F,AGXVBIUFLFGMVLATYXHJYL4A5Q7Q,1490877327000,0,True
3.0,I love the colors & systles of the mugs,"I love the colors & systles of the mugs, but they were smaller in size that I was anticipating. They are a great size for kids though. The stand was a bit cheap too, but has no problem holding them.",[],B004O39RJ4,B004O39RJ4,AGXVBIUFLFGMVLATYXHJYL4A5Q7Q,1428326035000,0,True
5.0,We love this blening system,We love this blening system! My kids make smoothies & milk shakes with it almost daily. I love making a smoothie every morning for breakfast. The 4 cups are great as everyone has their own to use. Would highly recommend. It blends ice & frozen fruit almost effortlessly.,[],B003YLEXBO,B003YLEXBO,AGXVBIUFLFGMVLATYXHJYL4A5Q7Q,1428325977000,0,True
4.0,Does the job,"I gave this 4 stars because I had to put rubber bands around the base to keep the pad from curling. If the pad were made like a fitted sheet, that would be great, otherwise no complaints. I worked great.",[],B07547PTX8,B07547PTX8,AGKHLEW2SOWHNMFQIJGBECAF7INQ,1596921069109,0,True
4.0,Puts out good steam,I gave it 4 stars because I hade to put rubber bands around the base to keep the pad from curling. Everything else is great. I wish the pad was an elastic deal that you could just put over the base like a fitted sheet.,[],B076KHQGC6,B076KHQGC6,AGKHLEW2SOWHNMFQIJGBECAF7INQ,1596920783947,2,True
5.0,Fit perfect,These work great,[],B0776QRQHX,B0776QRQHX,AGKHLEW2SOWHNMFQIJGBECAF7INQ,1596920649081,0,True
5.0,This thing is a cyclone!,"Warning...only fill your cup about a third of the way and blend or it will fly over the edge. It works great, it's quiet and easy.",[],B07QV2NGH5,B0BTK7XJ8D,AGKHLEW2SOWHNMFQIJGBECAF7INQ,1596920137505,0,True
3.0,Mine was warped.,"My pan arrived but got put away so, I didn't use it for a while. I have a smoothtop cooking surface (not gas) and the pan would twirl because it never sat flat. It was warped from day one. After using it a couple of times with nothing but frustration, we threw it away.",[],B073Q8P6CK,B077YB76J9,AGKHLEW2SOWHNMFQIJGBECAF7INQ,1588625269967,1,True
5.0,Adorable!,These are so sweet. I do wish the stopper part was a little longer in length but they work great.,[],B01HBWGU80,B01DR2ACA0,AGKHLEW2SOWHNMFQIJGBECAF7INQ,1563856156671,0,True
5.0,It peels garlic,It does the job.,[],B077MNPF15,B077MNPF15,AGKHLEW2SOWHNMFQIJGBECAF7INQ,1563856085311,0,True
4.0,Great but tiny,I wish this was a little bigger in circumference but other than that it was all I needed. I wanted white porcelain over the ceramic and that left me with few choices.,[],B06XK9GXVY,B06XKXK3V4,AGKHLEW2SOWHNMFQIJGBECAF7INQ,1563856047246,0,True
5.0,perfect for three bottles!,"It came nicely packaged, seemed like good quality for the price. I got this as a gift for someone.",[],B076F7F9K8,B0BZD6YW72,AGKHLEW2SOWHNMFQIJGBECAF7INQ,1563855930274,0,True
5.0,Five Stars,No complaints.,[],B01CTIYU60,B06Y1H3LTD,AGKHLEW2SOWHNMFQIJGBECAF7INQ,1519317219025,0,True
4.0,Does NOT come with Gold Tone filter. Brews excellent Coffee that stays hot.,"No complaints about the machine. It does brew quick, hot, good tasting coffee. The reason I selected this one was because it says it comes &#34;with&#34; the GOLD TONE filter, thus eliminating the need for paper ones but it did NOT come with one. Heavy Sigh. False advertisement/description of this item.",[],B0037ZG3DS,B0988L5494,AGKHLEW2SOWHNMFQIJGBECAF7INQ,1519316479570,1,True
5.0,Five Stars,"Best buy EVER! Once you IP, you never go back!",[],B00FLYWNYQ,B0BSPGR5T6,AGKHLEW2SOWHNMFQIJGBECAF7INQ,1504999245236,0,True
3.0,Its an ice maker.,Easy way to make ice.,[],B089LKWSMX,B089LTCK6R,AEM663T6XHZFWLODF4US2RCOCUSA,1607055506168,0,True
5.0,Always works!,I ordered bags for my PANASONIC vacuum cleaner. It's a oldie but a goodie! It's done maid work and new construction jobs. Keep it clean and filters as well.,[],B08632FQ6F,B08632FQ6F,AFE337D2J37YRU5U6MVTVKNDKWDA,1675820743747,0,True
5.0,This bed frame holds a lot of weight!,"My husband and I are both big people. He is 6ft2in, weight 450lbs.  I am 5ft 9in and 350 lbs.  We are 800lbs  of active people.  Now add 150lbs of foam<br />mattress, this is a sturdy frame.<br />We had a similar frame  for 10 yrs<br /> and some of the welds broke.  Time to replace mattress take the<br /> time to look over the frame.  It<br />works as hard as the mattress.<br />My husband has put all his long<br />rifles and scopes under the bed.  Plenty of room, to store suitcases<br />or totes or boxes.  The process of<br />putting the frame together.<br />Hardest part was getting past the<br /> packing tape.  No tools were<br />needed. Clip fit into the frame to<br />hold it together for a Cal king bed<br /> frame. Put on mattress, make the<br /> bed and sleep well, in style!",[],B00EQG6VB6,B07T32P7BQ,AFE337D2J37YRU5U6MVTVKNDKWDA,1585938997613,10,True
4.0,"Bed is Very Comfortable, for a marshmallow!","When I ordered this mattress, I thought it was a medium firm, turns out it's a medium plush!!  Be careful reading the description of the mattress.  We needed a medium firm bed due to health issues. Easier to get out of a firm bed than a marshmallow.  Even sitting on the edge of the bed, was a nightmare. Unless you planted your feet firmly on the floor you were going to slide off the mattress. Plush is nice for snuggly sleepers. We are not!  This was bed #2 in a list of 4 beds we tried out before we finally got it right.  Shopping online is nothing new, but you can't sit on the bed and feel the firmness or plush featured on your mattress. In the same breath, getting out right now under the virus threat is very scary!!  Key words for mattress purchase?  Soft, plush, medium plush or medium firm.  Trial and error even online!",[],B07BV2PTJQ,B098DXB21S,AFE337D2J37YRU5U6MVTVKNDKWDA,1585938236496,0,True
3.0,Lid open does not work,Lid will not stay attached to the lift mechanism. The step and open feature doesn't work at all,[],B07VSH8FF4,B0BDVNLWF4,AGBFYI2DDIKXC5Y4FARTYDTQBMFQ,1589384276929,0,True
5.0,Nice sophisticated cover,"This is a nice duvet cover, pretty color (dark blue, slightly purpley), looks well made. Fabric is think enough to feel substantial and is smooth. I like the subtitle stripes. I don't like that the buttons where you insert a duvet are along the bottom edge and not set back a foot like my old duvet cover, but you can't really tell when it's on the bed. We use the ties in the corners to keep the duvet in place. The cover is the same size as my duvet (possibly a bit bigger, which is fine) and hangs over the mattress nicely. Nice unisex duvet cover. The shams are also nice. I'm very happy with it.",[],B07BLQBKS6,B07BLQBKS6,AGBFYI2DDIKXC5Y4FARTYDTQBMFQ,1578593718612,2,True
5.0,Very waterproof,The quilting/padding is minimal but it does appear to be very waterproof so I'm happy. I bought this to protect my mattress from my puppy.,[],B076LLWCTT,B0BYZMQKTC,AGBFYI2DDIKXC5Y4FARTYDTQBMFQ,1578528116305,0,True
5.0,Great sheets,"I have these sheets in two colors. They are great, very soft, hold up well after washing. This set is a very dark navy, almost black. I wash them on their own in part because they are so dark and in part because King size sheets are big! I'm really glad I got two colors.",[],B07XVD3CK5,B082P23BMP,AGBFYI2DDIKXC5Y4FARTYDTQBMFQ,1578527851500,0,True
5.0,Nice quality and warm,"One side is a medium dark blue and the other is a pale greyish color.  It's very warm and fairly thick.  We keep it on our bed in the winter under the duvet and together they are VERY warm.  It's a great blanket for summer months, as a winter layer, or as a throw blanket on the couch.",[],B07374J1K4,B07374J1K4,AGBFYI2DDIKXC5Y4FARTYDTQBMFQ,1578526772197,0,True
5.0,Stays very hot!,"This is the perfect size to use with a Keurig, my larger one was too tall. Great mug, stays hot for hours. This is my third Contigo mug (lost the other two) and I love it.",[],B00HZI5WXU,B0BTLNZ6SH,AGBFYI2DDIKXC5Y4FARTYDTQBMFQ,1549383606215,0,True
5.0,"Keeps ingredients separate, high quality build, recommended","When I got this I immediately tested it and made a salad to store in the fridge overnight, then shook the container a bit to test how well it separated things and ate it the next day. Nothing leaked and the plate kept the greens and the toppings from mixing so nothing got soggy. It was also easy to clean. The build seems very sturdy and high quality, I would buy this again or recommend it. The silicone gasket is easy to remove, clean, and replace. The included dressing cup is a good size and did not leak, but does not have a gasket, just a cap that screws on tightly. Because the materials in this container are on the thicker side and seem very sturdy, I don't anticipate any issues with leaks.<br /><br />It's probably good for storing pasta dishes as well but it's especially good for salads because it keeps the ingredients separate. I was able to fit about 3 cups (60g) of greens which is enough for a fairly large salad! I think the manufacturer did a good job of making this large enough to fit a large, filling dish but not so large that it's hard to store or transport.  I bought this to take to my office for lunches.",[],B014FYZU9C,B082WN2KVM,AGBFYI2DDIKXC5Y4FARTYDTQBMFQ,1535057989481,26,True
5.0,Great kettle!,"I haven't owned this long enough to see if it holds up over time, but so far I really love it. It heats water FAST and displays the water temperature as it heats, allowing me to guess how much time remains. It would be nice if it had a buzzer or chime when it reaches temperature, but it's not a deal breaker. The pour is slow and smooth, easy to control. I'd definitely buy it again or recommend it to a friend.",[],B005YR0F40,B0CGY43Y3P,AGBFYI2DDIKXC5Y4FARTYDTQBMFQ,1494108291000,2,True
1.0,It broke!,"Editing my review because the plastic part of the handle snapped off, making the entire product useless. This grinder worked well until now so I am very disappointed. Poor design.",[],B013R3Q7B2,B013R3Q7B2,AGBFYI2DDIKXC5Y4FARTYDTQBMFQ,1494108182000,2,True
5.0,Guardian tower,"This fit my Guardian Tower air cleaner perfectly. If you keep the carbon filter changed the hepa will last longer. I have 2 Guardian, so to be able to have these on hand is great.",[],B01HILHUQ0,B01HILHUQ0,AEVWAM3YWN5URJVJIZZ6XPD2MKIA,1671914958334,0,True
5.0,Fit perfectly,Autoship great reminder to change out,[],B003AKIGFS,B099XMH2XW,AEVWAM3YWN5URJVJIZZ6XPD2MKIA,1664896044820,0,True
5.0,Fit perfect,Very convenient since I have 2 air cleaners. Really need to put it on an 6 month auto-ship to remind me when to change.,[],B08D7LJCXP,B0BGSKB1Y3,AEVWAM3YWN5URJVJIZZ6XPD2MKIA,1661976376908,0,True
1.0,Not working,Only worked 1 day. So sorry I also bought 2 more for my daughter. Ordered soap recommended for it. Wanted badly for it to work as it solved battery problem,[],B08T177J2X,B08T177J2X,AEVWAM3YWN5URJVJIZZ6XPD2MKIA,1631304623977,0,True
4.0,Better replacement lid than original corning lids that crack.,"Does the trick, won’t crack like original lid..if less wobbly would be ideal. Dishwasher safe",[],B08CZGZY3X,B08CZ7TLYF,AEVWAM3YWN5URJVJIZZ6XPD2MKIA,1627463264715,0,True
5.0,Very nice quilted pattern,They are beautiful and well made. Just what I was searching for.,[],B01ICJ1G0S,B01ICJ1G0S,AEVWAM3YWN5URJVJIZZ6XPD2MKIA,1626392364883,0,True
5.0,"Nice looking in room, quite, collect sooo much dust.","This is the second one of this kind I have ordered. Have had first for about 3 years. When I first ordered it I ordered two different ones. This was the favorite of the two, Filter is a breeze to change.",[],B00OLBR084,B08X9PNTPV,AEVWAM3YWN5URJVJIZZ6XPD2MKIA,1619535870815,0,True
5.0,Sturdy,Unlike any I have ever found in stores. I like it! First saw in a Housewives of NJ kitchen😛,[],B082V5211B,B082V5211B,AEVWAM3YWN5URJVJIZZ6XPD2MKIA,1619535525446,30,True
5.0,"Stailess, healthier than coated pans","Great little stainless steel, balanced, good weight, frying pan with lide",[],B07T5CRVKQ,B08C7JYKZH,AEVWAM3YWN5URJVJIZZ6XPD2MKIA,1604354984073,1,True
3.0,Nice that you have many size options but You have to have a covering made for it.,Don’t know how I missed it...but this comes without any covering at all. The material holding the stuffing together you would not want to sleep on. If Amazon is going to sell these you should be able to buy a cover for it.,[],B00G2C2X0K,B00G2C2WX8,AEVWAM3YWN5URJVJIZZ6XPD2MKIA,1563204969768,0,False
5.0,Pretty colors available,Nice thin placemats of good size. Can be used also as table doilies.,[],B07JRGZG6F,B0BYYYQ354,AEVWAM3YWN5URJVJIZZ6XPD2MKIA,1556043611716,0,True
4.0,Nice material,"Very pretty, wish they came bigger",[],B00TW2M6YA,B01N1411P6,AEVWAM3YWN5URJVJIZZ6XPD2MKIA,1556043475301,0,True
1.0,Branches flopped about.,"Cheaply made, Tape did not hold branches and they just flopped about and could not be shaped. A shame because white light is beautiful.",[],B077NNYT1Z,B077NNYT1Z,AEVWAM3YWN5URJVJIZZ6XPD2MKIA,1552909357046,0,False
3.0,Spot not large enough to be usable,Don’t buy because it says 5x magnifying because it is a dime sized spot that is not even usable. I did not find that the 2x magnifying was enough for my need of detailed painting. The light was not as bright as I had hoped.,[],B07M9SWWJY,B07M9SWWJY,AEVWAM3YWN5URJVJIZZ6XPD2MKIA,1552908393119,0,True
4.0,Love the zipper!,"The red is a deeper red rather than a bright red. Not as shiny as the polyester satin ones. Love the zipper enclosure since it’s a slippery material, the pillows won’t come out.",[],B01N6C4XJ7,B07BL41FQX,AEVWAM3YWN5URJVJIZZ6XPD2MKIA,1542504498503,1,True
2.0,Pain to change batteries and filter.,"Pretty but not user friendly at all. To change out filter you must remove 4 tiny screws and there are more bits and pieces that come off with it. After you take apart you still need to remove cover to filter that feels so fragile your afraid to break it. Nowto get to the batteries you must first remove the filter above because it's compartment is underneath the filter. One would probably end up giving up using the filter. Then the battery compartment cap is so hard to get off as well. Be sure you buy 4 &#34;D&#34; batteries if you order it, because that is what it requires to work and does not come with any. Who buysD batteries any more!?! Youwill be doing so if you get this garbage can. It's pretty but really wanted taller and o thinner.to fit space ideally.",[],B000N5WL9U,B08GJ7XWSY,AEVWAM3YWN5URJVJIZZ6XPD2MKIA,1531081850947,0,True
5.0,"Love mine, have had over a year","Love mine, have had over a year. Does not store water within like the Keurig brands. Can be drained fully.",[],B00XM0M1QQ,B00XM0M1QQ,AEVWAM3YWN5URJVJIZZ6XPD2MKIA,1530895077328,0,False
5.0,Five Stars,Nice looking and versatile with a large bowl side and a small side,[],B01N3YO2KV,B07CHLML41,AEVWAM3YWN5URJVJIZZ6XPD2MKIA,1530196066356,0,True
5.0,Five Stars,Love the darl gray color. Fit is great on a tall mattress. Well made.,[],B019J3R8E4,B019J27MFU,AEVWAM3YWN5URJVJIZZ6XPD2MKIA,1529023844713,0,True
5.0,Five Stars,"Beauty full red color. Quality fit, fabrication and material",[],B00E4VEZ02,B00E4VEZ02,AEVWAM3YWN5URJVJIZZ6XPD2MKIA,1529023767530,0,True
4.0,Not notibly pretty.,I purchased as a gift so will not be trying it out myself. It was weighty and solid but a small size. Not notibly pretty.,[],B06WP7BZYS,B06WP7BZYS,AEVWAM3YWN5URJVJIZZ6XPD2MKIA,1516112542463,0,True
